House,Weights,Bias
Slytherin,"-0.33098920985539215,-1.295301007551292,-2.0746030590412423,1.361585956236452,-3.1600215567017127,-1.345117703561137,-1.0466370875801474,0.3956822737829827,-0.5058785400504766,0.6314152047207889,-0.032720526960123425,-0.5365570640689279,-1.2016864190303094",-0.6262946131333275
Ravenclaw,"-0.25160527170421754,-1.8381873092072094,1.8018431944979711,1.9322535924527249,1.4554463468823535,3.3819915244709033,0.48244914117687193,0.12664899870520677,-0.5726412396487499,-0.1308749301111903,0.05247684308079895,-0.9602304207509695,0.11876427324973715",-0.6445929662600174
Gryffindor,"-0.30983189030099006,0.8066538727044913,-2.5945662585225544,-0.8479330890775147,0.618594913872634,-0.07559646796762609,0.43069567361402455,-2.7653558209320193,-0.9147810202732102,-0.9548806468721286,-0.10971305497243009,-0.5905573033583567,2.382665556070478",-0.6483828990894657
Hufflepuff,"-0.060501042251865006,2.416952295486171,3.1028772970274217,-2.540635947353055,0.30039617624212883,-1.9654836240607438,-1.8556194829888588,2.1843115014390606,-0.35426548668993796,-0.5910622445199788,0.08160883323034678,-0.7056276284366426,-2.207506088643194",-0.6670758173060536
